{
  "fov": 25,
  "zoom": 4,
  "zoomMin": 4,
  "zoomMax": 10,
  "zoomSpeed": 3,
  "yawDeg": 44.99999999999998,
  "pitchDeg": 14.999999999999998,
  "distance": 9.999903651529156,
  "target": {
    "x": 0,
    "y": -0.43,
    "z": 0
  }
}