{
  "fov": 59,
  "zoom": 4,
  "zoomMin": 4,
  "zoomMax": 10,
  "zoomSpeed": 3,
  "yawDeg": 40.10640094390673,
  "pitchDeg": 0.11096541112800996,
  "distance": 9.999900014123307,
  "target": {
    "x": 0,
    "y": 0,
    "z": 0
  }
}