{
  "fov": 59,
  "zoom": 4,
  "zoomMin": 4,
  "zoomMax": 10,
  "zoomSpeed": 3,
  "yawDeg": 6.357329766674756,
  "pitchDeg": -0.09273217248960201,
  "distance": 9.999900014123249,
  "target": {
    "x": 0,
    "y": 0.54,
    "z": 0
  }
}